{
  "hist_counts": [
    5698,
    9417,
    12244,
    14599,
    17808,
    19151,
    15824,
    13470,
    11490,
    10038,
    8418,
    7486,
    6276,
    5194,
    4050,
    3213,
    2667,
    2115,
    1640,
    1318,
    990,
    809,
    632,
    465,
    389,
    297,
    247,
    149,
    147,
    125,
    93,
    69,
    63,
    69,
    36,
    37,
    32,
    32,
    13,
    17,
    9,
    14,
    8,
    6,
    7,
    4,
    4,
    2,
    1
  ],
  "hist_edges": [
    0.0,
    1.004264177521636,
    2.008528355043272,
    3.0127925325649083,
    4.017056710086544,
    5.02132088760818,
    6.025585065129817,
    7.029849242651453,
    8.034113420173089,
    9.038377597694724,
    10.04264177521636,
    11.046905952737998,
    12.051170130259633,
    13.055434307781269,
    14.059698485302906,
    15.063962662824542,
    16.068226840346178,
    17.072491017867815,
    18.07675519538945,
    19.081019372911086,
    20.08528355043272,
    21.089547727954358,
    22.093811905475995,
    23.09807608299763,
    24.102340260519266,
    25.106604438040904,
    26.110868615562538,
    27.115132793084175,
    28.119396970605813,
    29.123661148127447,
    30.127925325649084,
    31.132189503170718,
    32.136453680692355,
    33.14071785821399,
    34.14498203573563,
    35.149246213257264,
    36.1535103907789,
    37.15777456830054,
    38.16203874582217,
    39.16630292334381,
    40.17056710086544,
    41.17483127838708,
    42.179095455908715,
    43.18335963343035,
    44.18762381095199,
    45.191887988473624,
    46.19615216599526,
    47.2004163435169,
    48.20468052103853,
    49.208944698560174
  ],
  "median_volatility": 6.6,
  "mean_volatility": 7.75,
  "top_volatile": [
    {
      "name": "Alex Garcia",
      "affiliate_name": "CrossFit B23",
      "overall_rank": 32369,
      "overall_percentile": 72.55189607217963,
      "wod1_percentile": 13.432772539176451,
      "wod2_percentile": 99.6022997082966,
      "wod3_percentile": 97.69605182823418,
      "rank_volatility": 49.208944698560174,
      "rank_range": 86.16952716912014,
      "best_workout": "wod2",
      "worst_workout": "wod1",
      "archetype": "Gymnast",
      "anti_archetype": "Engine"
    },
    {
      "name": "Mafalda Baptista",
      "affiliate_name": "Avynt CrossFit",
      "overall_rank": 26661,
      "overall_percentile": 73.09741478476721,
      "wod1_percentile": 98.71647393594478,
      "wod2_percentile": 15.250953562995706,
      "wod3_percentile": 98.43090956791993,
      "rank_volatility": 48.106617214815316,
      "rank_range": 83.46552037294907,
      "best_workout": "wod1",
      "worst_workout": "wod2",
      "archetype": "Engine",
      "anti_archetype": "Gymnast"
    },
    {
      "name": "Thomas Vangilder",
      "affiliate_name": "CrossFit Natural State",
      "overall_rank": 34604,
      "overall_percentile": 70.65667186758023,
      "wod1_percentile": 13.432772539176451,
      "wod2_percentile": 95.5413472627366,
      "wod3_percentile": 96.62251543314565,
      "rank_volatility": 47.720576083613835,
      "rank_range": 83.1897428939692,
      "best_workout": "wod3",
      "worst_workout": "wod1",
      "archetype": "Barbell",
      "anti_archetype": "Engine"
    },
    {
      "name": "Justin Miller",
      "affiliate_name": "CrossFit SBC",
      "overall_rank": 63838,
      "overall_percentile": 45.86696967641273,
      "wod1_percentile": 13.432772539176451,
      "wod2_percentile": 99.23597449291093,
      "wod3_percentile": 22.79696085747236,
      "rank_volatility": 47.06874457275694,
      "rank_range": 85.80320195373447,
      "best_workout": "wod2",
      "worst_workout": "wod1",
      "archetype": "Gymnast",
      "anti_archetype": "Engine"
    },
    {
      "name": "Justin Yankey",
      "affiliate_name": "CrossFit Northside",
      "overall_rank": 66129,
      "overall_percentile": 43.92425886981888,
      "wod1_percentile": 17.631944915541688,
      "wod2_percentile": 15.11939488501458,
      "wod3_percentile": 97.30767926192253,
      "rank_volatility": 46.74300239984313,
      "rank_range": 82.18828437690794,
      "best_workout": "wod3",
      "worst_workout": "wod2",
      "archetype": "Barbell",
      "anti_archetype": "Gymnast"
    },
    {
      "name": "Thomas Blay",
      "affiliate_name": "CrossFit Clitheroe",
      "overall_rank": 64472,
      "overall_percentile": 45.32935350383285,
      "wod1_percentile": 13.346279085543722,
      "wod2_percentile": 97.92754901295706,
      "wod3_percentile": 22.72742690455193,
      "rank_volatility": 46.36280032176494,
      "rank_range": 84.58126992741333,
      "best_workout": "wod2",
      "worst_workout": "wod1",
      "archetype": "Gymnast",
      "anti_archetype": "Engine"
    },
    {
      "name": "Marcos Lopez Pinon",
      "affiliate_name": "CrossFit Tufnell Park",
      "overall_rank": 69384,
      "overall_percentile": 41.1641001288922,
      "wod1_percentile": 6.294518689369788,
      "wod2_percentile": 93.44684892476765,
      "wod3_percentile": 22.59344684892477,
      "rank_volatility": 46.334631235414754,
      "rank_range": 87.15233023539787,
      "best_workout": "wod2",
      "worst_workout": "wod1",
      "archetype": "Gymnast",
      "anti_archetype": "Engine"
    },
    {
      "name": "Sindri Meyvantsson",
      "affiliate_name": "CrossFit Sudurnes",
      "overall_rank": 36296,
      "overall_percentile": 69.22189810731972,
      "wod1_percentile": 94.23376975781834,
      "wod2_percentile": 93.42225764873481,
      "wod3_percentile": 13.998371887931615,
      "rank_volatility": 46.091451218541835,
      "rank_range": 80.23539786988673,
      "best_workout": "wod1",
      "worst_workout": "wod3",
      "archetype": "Engine",
      "anti_archetype": "Barbell"
    },
    {
      "name": "Vince D'Orazi",
      "affiliate_name": "CrossFit Acclivity",
      "overall_rank": 71630,
      "overall_percentile": 39.25954819890103,
      "wod1_percentile": 3.9134047893630064,
      "wod2_percentile": 90.528118852181,
      "wod3_percentile": 22.84953530968048,
      "rank_volatility": 45.53584009983316,
      "rank_range": 86.614714062818,
      "best_workout": "wod2",
      "worst_workout": "wod1",
      "archetype": "Gymnast",
      "anti_archetype": "Engine"
    },
    {
      "name": "Jeb Buffington",
      "affiliate_name": "CrossFit Bound",
      "overall_rank": 64741,
      "overall_percentile": 45.10124821925242,
      "wod1_percentile": 13.432772539176451,
      "wod2_percentile": 23.26249915202496,
      "wod3_percentile": 96.65643443457024,
      "rank_volatility": 45.47796382282414,
      "rank_range": 83.22366189539379,
      "best_workout": "wod3",
      "worst_workout": "wod1",
      "archetype": "Barbell",
      "anti_archetype": "Engine"
    },
    {
      "name": "Freya Cooper",
      "affiliate_name": "Dragon CrossFit",
      "overall_rank": 39021,
      "overall_percentile": 60.625416237815585,
      "wod1_percentile": 5.944380537224269,
      "wod2_percentile": 82.73495994026356,
      "wod3_percentile": 86.16879578615972,
      "rank_volatility": 45.35883066486736,
      "rank_range": 80.22441524893546,
      "best_workout": "wod3",
      "worst_workout": "wod1",
      "archetype": "Barbell",
      "anti_archetype": "Engine"
    },
    {
      "name": "Deysy Reyes",
      "affiliate_name": "LVAC CrossFit North",
      "overall_rank": 31115,
      "overall_percentile": 68.60305543783173,
      "wod1_percentile": 93.48852697221045,
      "wod2_percentile": 14.739359447841615,
      "wod3_percentile": 90.41088979031706,
      "rank_volatility": 44.603967949007746,
      "rank_range": 78.74916752436883,
      "best_workout": "wod1",
      "worst_workout": "wod2",
      "archetype": "Engine",
      "anti_archetype": "Gymnast"
    },
    {
      "name": "Tha\u00eds Felipe",
      "affiliate_name": "In Tribus CrossFit",
      "overall_rank": 42574,
      "overall_percentile": 57.04022118625255,
      "wod1_percentile": 10.048233133539187,