{
  "hist_counts": [
    365,
    199,
    221,
    219,
    248,
    234,
    247,
    270,
    270,
    276,
    276,
    275,
    271,
    241,
    281,
    247,
    269,
    286,
    257,
    268,
    268,
    257,
    272,
    268,
    261,
    253,
    249,
    245,
    266,
    227,
    251,
    251,
    203,
    229,
    165,
    181,
    158,
    159,
    140,
    111,
    84,
    86,
    67,
    43,
    40,
    20,
    10,
    11,
    5
  ],
  "hist_edges": [
    0.0,
    1.1730815567332666,
    2.3461631134665333,
    3.5192446701998,
    4.692326226933067,
    5.865407783666333,
    7.0384893403996,
    8.211570897132866,
    9.384652453866133,
    10.5577340105994,
    11.730815567332666,
    12.903897124065933,
    14.0769786807992,
    15.250060237532466,
    16.42314179426573,
    17.596223350999,
    18.769304907732266,
    19.94238646446553,
    21.1154680211988,
    22.288549577932066,
    23.461631134665332,
    24.6347126913986,
    25.807794248131867,
    26.980875804865132,
    28.1539573615984,
    29.327038918331667,
    30.500120475064932,
    31.673202031798198,
    32.84628358853146,
    34.019365145264736,
    35.192446701998,
    36.36552825873127,
    37.53860981546453,
    38.7116913721978,
    39.88477292893106,
    41.05785448566433,
    42.2309360423976,
    43.40401759913087,
    44.57709915586413,
    45.7501807125974,
    46.923262269330664,
    48.09634382606393,
    49.2694253827972,
    50.44250693953047,
    51.61558849626373,
    52.788670052997,
    53.961751609730264,
    55.13483316646353,
    56.3079147231968,
    57.48099627993006
  ],
  "median_volatility": 22.52,
  "mean_volatility": 22.95,
  "top_volatile": [
    {
      "name": "Karisa Stapp",
      "affiliate_name": "CrossFit Billings",
      "overall_rank": 2086,
      "overall_percentile": 58.28,
      "wod1_percentile": 99.53999999999999,
      "wod2_percentile": 0.0,
      "wod3_percentile": 99.58,
      "rank_volatility": 57.48099627993006,
      "rank_range": 99.58,
      "best_workout": "wod3",
      "worst_workout": "wod2"
    },
    {
      "name": "Grace Strachan",
      "affiliate_name": "CrossFit Semiahmoo",
      "overall_rank": 1303,
      "overall_percentile": 73.94000000000001,
      "wod1_percentile": 98.76,
      "wod2_percentile": 0.0,
      "wod3_percentile": 99.86,
      "rank_volatility": 57.339293101095464,
      "rank_range": 99.86,
      "best_workout": "wod3",
      "worst_workout": "wod2"
    },
    {
      "name": "Erica Folo",
      "affiliate_name": "CrossFit Connection",
      "overall_rank": 2423,
      "overall_percentile": 51.540000000000006,
      "wod1_percentile": 98.54,
      "wod2_percentile": 99.24,
      "wod3_percentile": 0.0,
      "rank_volatility": 57.09524089916193,
      "rank_range": 99.24,
      "best_workout": "wod2",
      "worst_workout": "wod3"
    },
    {
      "name": "Joana Heinke-M\u00fcller",
      "affiliate_name": "CrossFit Aorta",
      "overall_rank": 1741,
      "overall_percentile": 65.17999999999999,
      "wod1_percentile": 98.02,
      "wod2_percentile": 0.0,
      "wod3_percentile": 98.76,
      "rank_volatility": 56.80669796188944,
      "rank_range": 98.76,
      "best_workout": "wod3",
      "worst_workout": "wod2"
    },
    {
      "name": "Alannah Rihari",
      "affiliate_name": "CrossFit Lux",
      "overall_rank": 1461,
      "overall_percentile": 70.78,
      "wod1_percentile": 97.11999999999999,
      "wod2_percentile": 0.0,
      "wod3_percentile": 98.08,
      "rank_volatility": 56.35143062366148,
      "rank_range": 98.08,
      "best_workout": "wod3",
      "worst_workout": "wod2"
    },
    {
      "name": "Marie Rognstad",
      "affiliate_name": "CrossFit Lillestr\u00f8m",
      "overall_rank": 2663,
      "overall_percentile": 46.74,
      "wod1_percentile": 0.0,
      "wod2_percentile": 97.46000000000001,
      "wod3_percentile": 0.0,
      "rank_volatility": 56.268557235220925,
      "rank_range": 97.46000000000001,
      "best_workout": "wod2",
      "worst_workout": "wod1"
    },
    {
      "name": "Angelo DiCicco",
      "affiliate_name": "CrossFit Whip",
      "overall_rank": 1190,
      "overall_percentile": 76.2,
      "wod1_percentile": 0.0,
      "wod2_percentile": 98.74000000000001,
      "wod3_percentile": 95.76,
      "rank_volatility": 56.16708051281759,
      "rank_range": 98.74000000000001,
      "best_workout": "wod2",
      "worst_workout": "wod1"
    },
    {
      "name": "L\u00e9a Callon",
      "affiliate_name": "",
      "overall_rank": 3442,
      "overall_percentile": 31.16,
      "wod1_percentile": 0.0,
      "wod2_percentile": 97.22,
      "wod3_percentile": 0.0,
      "rank_volatility": 56.129993170615414,
      "rank_range": 97.22,
      "best_workout": "wod2",
      "worst_workout": "wod1"
    },
    {
      "name": "Milly Binks",
      "affiliate_name": "CrossFit Northumbria",
      "overall_rank": 4970,
      "overall_percentile": 0.6000000000000005,
      "wod1_percentile": 97.08,
      "wod2_percentile": 0.0,
      "wod3_percentile": 0.0,
      "rank_volatility": 56.04916413292887,
      "rank_range": 97.08,
      "best_workout": "wod1",
      "worst_workout": "wod2"
    },
    {
      "name": "Jordan Koloski",
      "affiliate_name": "CrossFit Free",
      "overall_rank": 4813,
      "overall_percentile": 3.739999999999999,
      "wod1_percentile": 96.52000000000001,
      "wod2_percentile": 0.0,
      "wod3_percentile": 97.04,
      "rank_volatility": 55.87656396021503,
      "rank_range": 97.04,
      "best_workout": "wod3",
      "worst_workout": "wod2"
    },
    {
      "name": "Sara Lofberg",
      "affiliate_name": "AMP CrossFit Santa Monica",
      "overall_rank": 2801,
      "overall_percentile": 43.98,
      "wod1_percentile": 96.66,
      "wod2_percentile": 0.0,
      "wod3_percentile": 0.0,
      "rank_volatility": 55.80667701986922,
      "rank_range": 96.66,
      "best_workout": "wod1",
      "worst_workout": "wod2"
    },
    {
      "name": "Brian Kise",
      "affiliate_name": "Stroud CrossFit",
      "overall_rank": 3484,
      "overall_percentile": 30.320000000000004,
      "wod1_percentile": 96.52000000000001,
      "wod2_percentile": 0.0,
      "wod3_percentile": 0.0,
      "rank_volatility": 55.72584798218268,
      "rank_range": 96.52000000000001,
      "best_workout": "wod1",
      "worst_workout": "wod2"
    },
    {
      "name": "Bernardo Torquato Costa",
      "affiliate_name": "",
      "overall_rank": 1304,
      "overall_percentile": 73.92,
      "wod1_percentile": 94.92,
      "wod2_percentile": 97.82,
      "wod3_percentile": 0.0,
      "rank_volatility": 55.65813627254629,
      "rank_range": 97.82,
      "best_workout": "wod2",
      "worst_workout": "wod3"
    },
    {
      "name": "Anderon Primo",
      "affiliate_name": "",
      "overall_rank": 1261,
      "overall_percentile": 74.78,
      "wod1_percentile": 93.6,
      "wod2_percentile": 98.22,
      "wod3_percentile": 0.0,
      "rank_volatility": 55.42182602549288,
      "rank_range": 98.22,
      "best_workout": "wod2",
      "worst_workout": "wod3"
    },
    {
      "name": "Eduardo Rosa",
      "affiliate_name": "Dumont CrossFit",
      "overall_rank": 1891,
      "overall_percentile": 62.18,
      "wod1_percentile": 0.0,
      "wod2_percentile": 96.94,
      "wod3_percentile": 94.92,
      "rank_volatility": 55.39441969488744,
      "rank_range": 96.94,
      "best_workout": "wod2",
      "worst_workout": "wod1"
    },
    {
      "name": "Francesca Zagaglini",
      "affiliate_name": "CrossFit Valax",
      "overall_rank": 1296,
      "overall_percentile": 74.08,
      "wod1_percentile": 0.0,
      "wod2_percentile": 96.16,
      "wod3_percentile": 95.17999999999999,
      "rank_volatility": 55.23727364742036,
      "rank_range": 96.16,
      "best_workout": "wod2",
      "worst_workout": "wod1"
    },
    {
      "name": "Martin Robledo",
      "affiliate_name": "",
      "overall_rank": 3684,